[
  {
    "hu":"5-HTP",
    "en":"5-HTP",
    "latin":"",
    "desc_hu":"A 5-HTP a szerotonin közvetlen előanyaga, amely természetes módon segítheti a hangulat, az alvás és az étvágy szabályozását. Használata különösen hasznos lehet enyhe depressziós tünetek, ingerlékenység vagy alvászavar esetén, de mindig érdemes figyelembe venni a gyógyszeres kezelésekkel való kölcsönhatás lehetőségét.",
    "desc_en":"5-HTP is a direct precursor of serotonin, a neurotransmitter that plays a key role in mood, sleep, and appetite regulation. It can be beneficial for mild depression, irritability, or sleep disturbances, but potential interactions with medication should always be considered.",
    "category_hu":"Fáradtság elleni",
    "category_en":"Anti-fatigue",
    "tags":""
  },
  {
    "hu":"Alfa‑liponsav",
    "en":"Alpha‑lipoic acid \/ ALA",
    "latin":"",
    "desc_hu":"Erős antioxidáns, ami védi a sejteket az oxidatív stressztől és támogatja az energiatermelést.",
    "desc_en":"Alpha-lipoic acid is a potent antioxidant that helps protect cells from oxidative stress and supports energy metabolism.",
    "category_hu":"",
    "category_en":"",
    "tags":""
  },
  {
    "hu":"Spirulina",
    "en":"Spirulina",
    "latin":"",
    "desc_hu":"A Spirulina egy kék-zöld alga, amely kiemelkedő tápanyagsűrűsége miatt az egyik legismertebb szuperélelmiszer. Gazdag fehérjében, vasban, vitaminokban (különösen B-vitaminokban) és antioxidánsokban, miközben támogatja az immunrendszert, segíti a méregtelenítést és javítja a vitalitást.",
    "desc_en":"Spirulina is a blue-green algae known as one of the most nutrient-dense superfoods. It is rich in protein, iron, vitamins (especially B vitamins), and antioxidants. It supports the immune system, enhances vitality, and promotes detoxification and energy balance.",
    "category_hu":"Fáradtság elleni",
    "category_en":"Anti-fatigue",
    "tags":""
  },
  {
    "hu":"Ashwagandha",
    "en":"Ashwagandha \/ Indian ginseng",
    "latin":"",
    "desc_hu":"Az ashwagandha (más néven indiai ginzeng) egy adaptogén gyógynövény, amely segít a stressz csökkentésében, a mentális egyensúly és az alvás minőségének javításában. Támogatja a pajzsmirigy működését, a hormonális egyensúlyt és az idegrendszer regenerálódását. Rendszeres használata növelheti az energiaszintet és a koncentrációt.",
    "desc_en":"Ashwagandha, also known as Indian ginseng, is an adaptogenic herb that helps reduce stress and anxiety while supporting relaxation and sleep. It also contributes to thyroid balance, hormone regulation, and nervous system recovery. Regular use may enhance energy levels, focus, and overall resilience.",
    "category_hu":"Adaptogén|Fáradtság elleni",
    "category_en":"Adaptogen|Anti-fatigue",
    "tags":""
  },
  {
    "hu":"Nattokináz",
    "en":"Nattokinase",
    "latin":"",
    "desc_hu":"A nattokináz egy természetes enzim, amelyet a japán natto nevű fermentált szójából állítanak elő a Bacillus subtilis baktérium segítségével. Segíti a vérkeringést, elősegíti a fibrin – a vérrögök egyik alkotóeleme – lebontását, és ezáltal támogathatja a szív- és érrendszeri egészséget. Gyulladáscsökkentő hatása is ismert.",
    "desc_en":"Nattokinase is a natural enzyme produced from fermented soybeans (natto) using the bacterium Bacillus subtilis. It improves circulation by breaking down fibrin, a component of blood clots, thereby supporting cardiovascular health. It also has mild anti-inflammatory properties.",
    "category_hu":"Fáradtság elleni|Emésztés és bélflóra",
    "category_en":"Anti-fatigue|Digestive & gut",
    "tags":""
  },
  {
    "hu":"Bacopa",
    "en":"Bacopa \/ Brahmi",
    "latin":"",
    "desc_hu":"A Bacopa (más néven Brahmi) egy hagyományosan az ájurvédikus gyógyászatban használt gyógynövény, amely javítja a memóriát, a koncentrációt és a tanulási képességet. Segíti az idegrendszer regenerálódását, mérsékli a stressz hatásait, és támogathatja a mentális teljesítményt, különösen idősebb korban.",
    "desc_en":"Bacopa (also known as Brahmi) is a traditional Ayurvedic herb known for enhancing memory, focus, and learning ability. It supports neural regeneration, reduces the impact of stress, and helps maintain cognitive performance, especially in older adults.",
    "category_hu":"Agyműködés támogatása",
    "category_en":"Cognitive support",
    "tags":""
  },
  {
    "hu":"Berberin",
    "en":"Berberine",
    "latin":"",
    "desc_hu":"A berberin egy természetes, növényi eredetű alkaloid, amely segíthet a vércukorszint és a koleszterinszint csökkentésében, javítja az inzulinérzékenységet, és támogatja a bélflóra egyensúlyát. Szerepe lehet a testsúlyszabályozásban és a gyulladásos folyamatok mérséklésében is. Hatása részben hasonlít a metformin nevű gyógyszeréhez, de természetes forrásból származik.",
    "desc_en":"Berberine is a natural plant alkaloid known for helping to lower blood sugar and cholesterol levels, improve insulin sensitivity, and support gut microbiota balance. It may also assist in weight management and reduce inflammation. Its effects are somewhat similar to those of metformin, but it is derived from natural sources.",
    "category_hu":"Vércukor, anyagcsere",
    "category_en":"Blood sugar & metabolic",
    "tags":""
  },
  {
    "hu":"Kalcium-alfa-ketoglutarát (Ca-AKG)",
    "en":"Calcium Alpha-Ketoglutarate (Ca-AKG)",
    "latin":"",
    "desc_hu":"A kalcium-alfa-ketoglutarát (Ca-AKG) a sejtek energia-anyagcseréjében kulcsszerepet játszó vegyület, amely támogatja a mitokondriumok működését, az autofágia (sejttisztulás) folyamatát és a fehérjeszintézist. Rendszeres szedése segítheti a vitalitás megőrzését, a csontok egészségét és az öregedési folyamatok lassítását.",
    "desc_en":"Calcium Alpha-Ketoglutarate (Ca-AKG) is a compound involved in cellular energy metabolism, supporting mitochondrial function, protein synthesis, and autophagy (cellular cleanup). Regular use may help maintain vitality, support bone health, and potentially slow down age-related decline.",
    "category_hu":"",
    "category_en":"",
    "tags":""
  },
  {
    "hu":"Chlorella",
    "en":"Chlorella",
    "latin":"",
    "desc_hu":"A Chlorella egy tápanyagban gazdag, édesvízi zöld alga, amely segíti a szervezet méregtelenítését, különösen a nehézfémek eltávolítását. Támogatja az immunrendszert, javítja az emésztést, és hozzájárul a sejtek regenerálódásához. Magas fehérje-, klorofill-, vitamin- és ásványianyag-tartalma miatt a kiegyensúlyozott étrend értékes kiegészítője.",
    "desc_en":"Chlorella is a nutrient-dense freshwater green algae known for its ability to detoxify heavy metals, boost immunity, improve digestion, and promote cellular regeneration. Rich in protein, chlorophyll, vitamins, and minerals, it serves as a valuable addition to a balanced diet.",
    "category_hu":"Öregedésgátló",
    "category_en":"Anti-aging",
    "tags":""
  },
  {
    "hu":"Kolin",
    "en":"Choline",
    "latin":"",
    "desc_hu":"A kolin létfontosságú tápanyag, amely nélkülözhetetlen az agy és az idegrendszer működéséhez, valamint az acetilkolin nevű ingerületátvivő anyag szintéziséhez. Támogatja a memóriát, a fókuszt és a máj méregtelenítését, továbbá fontos szerepe van a zsíranyagcserében és a sejthártyák felépítésében. A szervezet kis mennyiségben elő tudja állítani, de az optimális szint fenntartásához étrendi bevitel szükséges.",
    "desc_en":"Choline is an essential nutrient crucial for brain and nervous system function and for the synthesis of acetylcholine, a key neurotransmitter. It supports memory, focus, and liver detoxification, and plays an important role in fat metabolism and cell membrane integrity. Although the body can produce small amounts, dietary intake is necessary to maintain optimal levels.",
    "category_hu":"",
    "category_en":"",
    "tags":""
  },
  {
    "hu":"Kreatin",
    "en":"Creatine",
    "latin":"",
    "desc_hu":"A kreatin egy természetes vegyület, amely az izmokban raktározódik, és gyors energiaforrást biztosít a sejtek számára. Nemcsak a fizikai teljesítményt javíthatja, hanem segítheti a kognitív funkciókat és a sejtenergia-háztartást is. Rendszeres testmozgással kombinálva hozzájárulhat az izomtömeg megtartásához idősebb korban és a szarkopénia megelőzéséhez.",
    "desc_en":"Creatine is a naturally occurring compound stored in muscles, serving as a rapid energy source for cells. It enhances physical performance, supports cognitive function, and improves cellular energy metabolism. When combined with regular exercise, it helps maintain muscle mass and may prevent age-related sarcopenia.",
    "category_hu":"",
    "category_en":"",
    "tags":""
  },
  {
    "hu":"DHEA",
    "en":"DHEA",
    "latin":"",
    "desc_hu":"A DHEA egy szteroid hormon, amelyet főként a mellékvesék termelnek, és a tesztoszteron és ösztrogén előanyaga. A szintje a korral természetesen csökken, ami befolyásolhatja az energiaszintet, a hangulatot, a libidót és az általános vitalitást. Kiegészítő formában a DHEA támogathatja a hormonális egyensúlyt és a jó közérzetet, de csak orvosi felügyelet mellett ajánlott, mert túlzott adagban hormonális zavarokat vagy mellékhatásokat okozhat.",
    "desc_en":"DHEA is a steroid hormone produced mainly by the adrenal glands, serving as a precursor for testosterone and estrogen. Its levels naturally decline with age, potentially affecting energy, mood, libido, and overall vitality. Supplementation may help support hormonal balance, energy, and well-being, but it should only be used under medical supervision, as excessive or unsupervised intake can disrupt hormone levels and cause side effects.",
    "category_hu":"",
    "category_en":"",
    "tags":""
  },
  {
    "hu":"Fucoidan",
    "en":"Fucoidan",
    "latin":"",
    "desc_hu":"A fucoidan egy szulfatált poliszacharid, amelyet tengeri barnamoszatokból (pl. Fucus vesiculosus, Laminaria japonica) vonnak ki. Kutatások szerint immunerősítő, gyulladáscsökkentő, antioxidáns és sejtvédő hatású. Támogatja a nyálkahártyák integritását, a szív- és érrendszer egészségét, és segítheti a sejtek regenerálódását. Egyes tanulmányok szerint daganatellenes hatásai is lehetnek, de ezek még további kutatást igényelnek.",
    "desc_en":"Fucoidan is a sulfated polysaccharide extracted from brown seaweed such as Fucus vesiculosus and Laminaria japonica. It exhibits immune-boosting, anti-inflammatory, antioxidant, and cytoprotective properties. It supports mucosal integrity, cardiovascular health, and cellular regeneration. Some studies suggest potential anti-cancer activity, though further research is required.",
    "category_hu":"Fáradtság elleni",
    "category_en":"Anti-fatigue",
    "tags":""
  },
  {
    "hu":"GABA (Gamma-aminovajsav)",
    "en":"GABA",
    "latin":"",
    "desc_hu":"A GABA (gamma-aminovajsav) egy gátló neurotranszmitter, amely természetes módon csökkenti a stresszt, a szorongást és az idegi túlműködést. Segíti a pihenést, az elalvást és az általános nyugalomérzetet, miközben elősegíti az idegrendszer regenerációját. A GABA-kiegészítők hatása részben közvetett, mivel a vér-agy gáton korlátozottan jut át, de az emésztőrendszeren keresztül és a bél-agy tengelyen keresztül is képes befolyásolni a nyugalmi állapotot.",
    "desc_en":"GABA (Gamma-Aminobutyric Acid) is an inhibitory neurotransmitter that helps reduce stress, anxiety, and nervous overactivity. It promotes relaxation, calmness, and better sleep, supporting overall nervous system balance and recovery. While supplemental GABA may have limited blood-brain barrier penetration, it can still act indirectly through the gut-brain axis and peripheral nervous pathways to promote relaxation.",
    "category_hu":"Fáradtság elleni",
    "category_en":"Anti-fatigue",
    "tags":""
  },
  {
    "hu":"Teanin",
    "en":"L-Theanine",
    "latin":"",
    "desc_hu":"A L-theanin egy aminosav, amely főként a zöld tea (Camellia sinensis) levelében található. Segíti a relaxációt, csökkenti a stresszt és a szorongást, miközben fokozza a mentális fókuszt és a figyelmet. Elősegíti az agyban az alfa-hullámok termelődését, ami a nyugodt éberség állapotához kapcsolódik. Különlegessége, hogy nyugtató hatású, de nem álmosít, ezért jól alkalmazható a nappali stressz enyhítésére is.",
    "desc_en":"L-Theanine is an amino acid found mainly in green tea (Camellia sinensis) leaves. It helps reduce stress and anxiety, promotes relaxation, and improves focus and attention without causing drowsiness. It increases alpha brain wave activity, associated with a calm yet alert mental state. Unlike sedatives, L-theanine provides relaxation without loss of mental clarity.",
    "category_hu":"Alvás, stressz",
    "category_en":"Sleep & stress",
    "tags":""
  },
  {
    "hu":"Pecsétviaszgomba",
    "en":"Red Reishi",
    "latin":"",
    "desc_hu":"A pecsétviaszgomba (más néven Red Reishi vagy Lingzhi) az egyik legősibb gyógygomba, amelyet évezredek óta használnak a hagyományos kínai orvoslásban. Támogatja az immunrendszert, csökkenti a stresszt, javítja az alvás minőségét, és erőteljes antioxidáns hatású. Segítheti a máj méregtelenítését, a vérnyomás kiegyensúlyozását, és a szív-érrendszer egészségét is. „A halhatatlanság gombájaként” is emlegetik, mivel rendszeres fogyasztása a vitalitás és a hosszú élet szimbóluma volt az ázsiai kultúrákban.",
    "desc_en":"Red Reishi (Ganoderma lucidum, also known as Lingzhi) is one of the oldest known medicinal mushrooms, used for thousands of years in Traditional Chinese Medicine. It supports immune function, helps reduce stress, improves sleep quality, and acts as a powerful antioxidant. Reishi also promotes liver detoxification, cardiovascular health, and blood pressure balance. Often called the 'Mushroom of Immortality', it symbolizes vitality and longevity in Eastern traditions.",
    "category_hu":"Fáradtság elleni|Immunrendszer",
    "category_en":"Anti-fatigue|Immune support",
    "tags":""
  },
  {
    "hu":"Páfrányfenyő",
    "en":"Ginkgo Biloba",
    "latin":"",
    "desc_hu":"A Ginkgo biloba egy ősi páfrányfenyő, amely javítja az agy és a perifériás keringés működését. Fokozza a memóriát, a koncentrációt és a mentális frissességet, miközben védelmet nyújt az oxidatív stressz és a sejtkárosodás ellen. Segíthet szédülés, fülzúgás (tinnitus) és hideg végtagok esetén is, mivel javítja a mikrokeringést. Hosszú távú szedése támogathatja az időskori kognitív hanyatlás lassítását.",
    "desc_en":"Ginkgo biloba is an ancient tree species known to improve blood circulation and brain function. It enhances memory, focus, and mental clarity, while protecting cells from oxidative stress. Ginkgo may also help reduce dizziness, tinnitus, and cold extremities by improving microcirculation. Long-term use can support cognitive health and slow age-related mental decline.",
    "category_hu":"Agyműködés támogatása",
    "category_en":"Cognitive support",
    "tags":""
  },
  {
    "hu":"Gynostemma",
    "en":"Gynostemma",
    "latin":"",
    "desc_hu":"A Gynostemma pentaphyllum, más néven Jiaogulan vagy „Déli Ginzeng”, a kínai és délkelet-ázsiai gyógyászatban régóta használt adaptogén gyógynövény. Segíti a stresszhez való alkalmazkodást, fokozza az energiaszintet, és támogatja a szív- és érrendszeri egészséget. Hozzájárul a jó alváshoz, a mentális kiegyensúlyozottsághoz, valamint támogatja az immunrendszert és az általános vitalitást. Hatóanyagai, a gypenozidok, szerkezetükben hasonlóak a ginzeng szaponinjaihoz, de enyhébb, harmonizáló hatásúak.",
    "desc_en":"Gynostemma pentaphyllum, also known as Jiaogulan or “Southern Ginseng,” is an adaptogenic herb traditionally used in Chinese and Southeast Asian medicine. It helps the body adapt to stress, boosts energy, supports cardiovascular and immune health, and promotes calm alertness and restful sleep. Its active compounds, gypenosides, are chemically similar to ginseng saponins but provide a gentler, more balancing effect.",
    "category_hu":"Adaptogén|Fáradtság elleni",
    "category_en":"Adaptogen|Anti-fatigue",
    "tags":""
  },
  {
    "hu":"Oroszlánsörény gomba \/ Süngomba",
    "en":"Lion’s Mane Mushroom",
    "latin":"",
    "desc_hu":"Az Oroszlánsörény gomba (más néven Süngomba, latinul Hericium erinaceus) különleges gyógygomba, amely az idegrendszer egészségét és a kognitív funkciókat támogatja. Serkenti az idegsejtek regenerációját az úgynevezett NGF (idegnövekedési faktor) termelésének fokozásával, ezáltal segítheti az emlékezőképességet, a koncentrációt és az agy regenerációját. Kutatások szerint hozzájárulhat az agyhálózat védelméhez időskori kognitív hanyatlás, Alzheimer- vagy Parkinson-kór esetén is. Emellett immunrendszer-erősítő és emésztőrendszert támogató hatása is ismert.",
    "desc_en":"Lion’s Mane (Hericium erinaceus) is a medicinal mushroom known for its ability to support nerve regeneration and brain health. It stimulates nerve growth factor (NGF) production, which promotes neuron repair, memory, and mental clarity. Research suggests it may help protect against cognitive decline related to aging and neurodegenerative diseases such as Alzheimer’s and Parkinson’s. It also offers immune-boosting and digestive support benefits.",
    "category_hu":"Agyműködés támogatása",
    "category_en":"Cognitive support",
    "tags":""
  },
  {
    "hu":"Hialuronsav",
    "en":"Hyaluronic Acid",
    "latin":"",
    "desc_hu":"A hialuronsav egy természetes poliszacharid, amely nagy mennyiségű vizet képes megkötni, ezáltal biztosítja a szövetek rugalmasságát és hidratáltságát. Fontos szerepet játszik a bőr, az ízületek, a porcok és a szem egészségében. Szájon át szedve elsősorban az ízületek kenését és rugalmasságát támogatja, míg helyileg (krém, szérum formájában) a bőr nedvességtartalmát és feszességét javítja. Az életkor előrehaladtával a természetes hialuronsav-termelés csökken, ezért pótlása segíthet lassítani a bőr öregedését és csökkenteni az ízületi merevséget.",
    "desc_en":"Hyaluronic acid is a natural polysaccharide capable of binding large amounts of water, maintaining tissue hydration, elasticity, and smoothness. It plays a vital role in skin, joints, cartilage, and eye health. When taken orally, it primarily supports joint lubrication and mobility, while topical use enhances skin moisture and firmness. As natural production declines with age, supplementation may help reduce wrinkles, support joint comfort, and improve tissue regeneration.",
    "category_hu":"Öregedésgátló|Haj, bőr, köröm",
    "category_en":"Anti-aging|Skin & hair",
    "tags":""
  },
  {
    "hu":"Koenzim Q10 (CoQ10)",
    "en":"Coenzyme Q10 (CoQ10)",
    "latin":"",
    "desc_hu":"A Koenzim Q10 (CoQ10) egy zsíroldékony, vitaminszerű vegyület, amely kulcsszerepet játszik a mitokondriumok energiatermelésében és a sejtek oxidatív védelmében. Különösen fontos a szívizom, a máj és az izmok számára, ahol az energiaigény magas. A szervezet képes önállóan előállítani, de a termelés az életkor előrehaladtával, valamint statin-típusú koleszterincsökkentők hatására csökkenhet. Pótlása segíthet fáradékonyság, szívgyengeség, izomfájdalom vagy statin-használat esetén. Antioxidáns hatásának köszönhetően védelmet nyújt a sejteknek az oxidatív stressz ellen.",
    "desc_en":"Coenzyme Q10 (CoQ10) is a fat-soluble, vitamin-like compound essential for mitochondrial energy production and cellular antioxidant defense. It is especially concentrated in the heart, liver, and muscles, where energy demand is high. Although the body can synthesize it, levels decline with age and may be suppressed by statin medications. Supplementation supports energy levels, cardiovascular health, and muscle performance, while protecting cells from oxidative stress.",
    "category_hu":"Szív- és érrendszer|Fáradtság elleni|Öregedésgátló|Emésztés és bélflóra",
    "category_en":"Cardiovascular support|Anti-fatigue|Anti-aging|Digestive & gut",
    "tags":""
  },
  {
    "hu":"L-karnitin",
    "en":"L-Carnitine",
    "latin":"",
    "desc_hu":"Az L-karnitin egy természetes aminosav-származék, amely alapvető szerepet játszik a zsírsavak energiává alakításában a sejtek mitokondriumaiban. Az acetil-L-karnitin (ALCAR) változat különösen hatékony az agy energiatermelésének és a mentális frissességnek a támogatásában. Segíthet a fáradtság csökkentésében, az éberség és memória javításában, valamint a mitokondriális működés optimalizálásában. Sportolóknál javíthatja az állóképességet és a regenerációt, idősebbeknél pedig támogathatja a kognitív funkciókat és a szív egészségét.",
    "desc_en":"L-Carnitine is a natural amino acid derivative essential for fat metabolism and energy production in mitochondria. The acetyl-L-carnitine (ALCAR) form is particularly effective for brain energy and cognitive performance, helping to reduce fatigue and enhance mental clarity. It supports mitochondrial function, heart health, and exercise recovery, while improving endurance and alertness.",
    "category_hu":"",
    "category_en":"",
    "tags":""
  },
  {
    "hu":"Maca",
    "en":"Maca",
    "latin":"",
    "desc_hu":"A Maca gyökér (Lepidium meyenii) a perui Andokban honos adaptogén növény, amelyet évszázadok óta használnak az energiatermelés, a hormonális egyensúly és a termékenység támogatására. Növeli a libidót mindkét nemnél, javítja a hangulatot, és segít fokozni a fizikai és szellemi teljesítményt. A maca különböző színei (vörös, fekete, sárga, lila) eltérő biológiai hatásokkal bírnak – például a fekete maca inkább a férfi termékenységet, míg a vörös maca a női hormonális egyensúlyt támogatja. Rendszeres fogyasztása elősegítheti a stresszhez való alkalmazkodást és a vitalitás megőrzését.",
    "desc_en":"Maca (Lepidium meyenii) is an adaptogenic root vegetable native to the Peruvian Andes, traditionally used to boost energy, libido, fertility, and hormonal balance. It also promotes mental clarity, mood stability, and physical endurance. Different types of maca (black, red, yellow, purple) offer distinct health benefits – for example, black maca supports male fertility, while red maca benefits female hormonal balance. Regular use helps the body adapt to stress and supports overall vitality.",
    "category_hu":"Adaptogén|Női hormonrendszer",
    "category_en":"Adaptogen|Female hormonal system",
    "tags":""
  },
  {
    "hu":"Lumbrokináz",
    "en":"Lumbrokinase",
    "latin":"",
    "desc_hu":"A Lumbrokináz a földigilisztából (Lumbricus rubellus) kivont enzimkomplex, amely erőteljes fibrinolitikus (vérrögoldó) és trombolitikus hatású. Hatékonyan segíti a vérkeringést, csökkenti a vérrögképződés kockázatát, és javítja a szív- és érrendszeri funkciókat. Kutatások szerint a lumbrokináz többszörösen hatékonyabb a nattokinázhoz képest, mivel közvetlenül bontja a fibrint, anélkül, hogy a vérzési időt jelentősen meghosszabbítaná. Rendszeres, alacsony dózisú alkalmazása támogathatja az érfalak rugalmasságát és a mikrokeringést.",
    "desc_en":"Lumbrokinase is a group of proteolytic enzymes extracted from earthworms (Lumbricus rubellus), known for their strong fibrinolytic (clot-dissolving) and thrombolytic properties. It supports healthy blood flow, helps break down fibrin, and may reduce the risk of thrombosis and poor circulation. Studies suggest lumbrokinase is several times more potent than nattokinase, acting directly on fibrin without significantly increasing bleeding time. Regular use may enhance vascular flexibility and microcirculation.",
    "category_hu":"Fáradtság elleni|Emésztés és bélflóra",
    "category_en":"Anti-fatigue|Digestive & gut",
    "tags":""
  },
  {
    "hu":"Magnézium",
    "en":"Magnesium",
    "latin":"",
    "desc_hu":"A magnézium nélkülözhetetlen ásványi anyag, amely több mint 300 biokémiai folyamatban vesz részt a szervezetben. Fontos szerepe van az idegrendszer és az izmok működésében, a szívritmus szabályozásában, a csontok és a fogak egészségében, valamint az energiatermelésben és a fehérjeszintézisben. Segít a stresszkezelésben, az alvásminőség javításában és a vércukorszint szabályozásában is. A modern étrend gyakran magnéziumhiányos, ami fáradtságot, izomgörcsöket, szorongást vagy alvászavart okozhat.",
    "desc_en":"Magnesium is an essential mineral involved in over 300 biochemical reactions in the human body. It supports nervous system and muscle function, helps regulate heart rhythm, and contributes to bone strength, energy production, and protein synthesis. It also plays a key role in stress regulation, sleep quality, and blood sugar control. Modern diets are often magnesium-deficient, leading to fatigue, muscle cramps, anxiety, or insomnia.",
    "category_hu":"Fáradtság elleni|Alvás, stressz",
    "category_en":"Anti-fatigue|Sleep & stress",
    "tags":""
  },
  {
    "hu":"Keserűuborka \/ Balzsamkörte \/ Keserűdinnye",
    "en":"Bitter Melon",
    "latin":"",
    "desc_hu":"A keserűuborka (Momordica charantia, más néven balzsamkörte vagy keserűdinnye) a trópusi és szubtrópusi területeken honos gyógyhatású növény, amelynek gyümölcse természetes vércukorszint-csökkentő hatásáról ismert. Hatóanyagai – köztük a charantin, a polipeptid-P és a vicin – inzulinszerű hatást fejtenek ki, fokozzák az inzulinérzékenységet, és csökkentik a vércukorszintet. Támogatja az anyagcserét, elősegítheti a zsírégetést, és segíthet a 2-es típusú cukorbetegség megelőzésében vagy kiegészítő kezelésében. Antioxidáns hatásai révén védelmet nyújt a sejteknek az oxidatív stresszel szemben.",
    "desc_en":"Bitter Melon (Momordica charantia), also known as balsam pear or bitter gourd, is a tropical fruit widely recognized for its natural blood-sugar-lowering properties. Its key compounds – charantin, polypeptide-P, and vicine – exhibit insulin-like effects, helping reduce blood glucose, improve insulin sensitivity, and enhance metabolism. It may aid weight management, support metabolic health, and assist in preventing or managing type 2 diabetes. Its strong antioxidant properties help protect cells from oxidative stress.",
    "category_hu":"",
    "category_en":"",
    "tags":""
  },
  {
    "hu":"Moringa",
    "en":"Moringa",
    "latin":"",
    "desc_hu":"A Moringa (Moringa oleifera) egy tápanyagokban rendkívül gazdag növény, amelyet gyakran neveznek az „élet fájának”. Levelei, magjai és termései antioxidánsokban, vitaminokban és ásványi anyagokban bővelkednek. Erősíti az immunrendszert, csökkenti a gyulladást, szabályozza a vércukorszintet, és támogatja a szív és az érrendszer egészségét. Segíti az energiaszint fenntartását, javítja a koncentrációt, valamint támogatja az agy és a bőr egészségét. A moringa kiváló növényi fehérje-, vas- és kalciumforrás, ezért különösen értékes vegetáriánus vagy vegán étrendben.",
    "desc_en":"Moringa (Moringa oleifera), often called the “Tree of Life”, is a nutrient-dense superfood rich in vitamins, minerals, antioxidants, and amino acids. It helps boost immunity, reduce inflammation, regulate blood sugar, support heart health, and enhance energy and mental clarity. Moringa also promotes healthy skin and brain function, and is a plant-based source of protein, iron, and calcium, making it ideal for vegetarian and vegan diets.",
    "category_hu":"Fáradtság elleni",
    "category_en":"Anti-fatigue",
    "tags":""
  },
  {
    "hu":"Máriatövis",
    "en":"Milk Thistle \/ Silymarin",
    "latin":"",
    "desc_hu":"A máriatövis (Silybum marianum) a máj egészségének egyik legfontosabb természetes támogatója. Fő hatóanyaga a szilimarin, amely antioxidáns, gyulladáscsökkentő és májsejt-regeneráló hatású vegyületcsoport. Segíti a máj méregtelenítő folyamatait, védi a sejteket a toxikus anyagokkal (pl. alkohol, gyógyszerek, nehézfémek) szemben, és elősegíti a májszövet regenerációját. Hosszú távú alkalmazása javíthatja a zsírmáj, hepatitis vagy gyógyszer okozta májkárosodás esetén a májfunkciós értékeket.",
    "desc_en":"Milk Thistle (Silybum marianum) is one of the most well-known herbs for liver protection and detoxification. Its active compound, silymarin, provides antioxidant, anti-inflammatory, and hepatoprotective effects. It supports liver regeneration, protects cells from toxins such as alcohol, drugs, and heavy metals, and enhances detoxification pathways. Long-term use may improve fatty liver, hepatitis, and drug-induced liver damage by normalizing liver enzyme levels.",
    "category_hu":"Máj és epe támogatása|Emésztés és bélflóra",
    "category_en":"Liver & bile support|Digestive & gut",
    "tags":""
  },
  {
    "hu":"N‑acetilcisztein (NAC)",
    "en":"N‑acetylcysteine (NAC)",
    "latin":"",
    "desc_hu":"A N‑acetilcisztein (NAC) a cisztein aminosav származéka, amely a szervezet egyik legerősebb antioxidánsának, a glutationnak az előanyaga. Segíti a máj méregtelenítő folyamatait, védi a májsejteket a gyógyszerek (különösen paracetamol) és környezeti toxinok okozta károsodástól. Támogatja a légutak tisztulását a nyákoldó hatása révén, ezért hasznos lehet krónikus hörghurut, asztma vagy tüdőproblémák esetén. Antioxidánsként csökkenti az oxidatív stresszt és támogatja az immunrendszert. A glutation-szint növelésével közvetve védelmet nyújt az idegrendszer és a szív számára is.",
    "desc_en":"N‑acetylcysteine (NAC) is a derivative of the amino acid cysteine and a key precursor to glutathione, one of the body’s most powerful antioxidants. It supports liver detoxification, protects liver cells from toxins and medications (especially acetaminophen), and promotes lung health by acting as a mucolytic agent. It helps reduce oxidative stress, strengthen immunity, and protect the nervous and cardiovascular systems through enhanced glutathione synthesis.",
    "category_hu":"Fáradtság elleni",
    "category_en":"Anti-fatigue",
    "tags":""
  },
  {
    "hu":"Nikotinamid \/ Niacinamid (B3-vitamin)",
    "en":"Nicotinamide \/ Niacinamide (Vitamin B3)",
    "latin":"",
    "desc_hu":"A nikotinamid (más néven niacinamid) a B3-vitamin egyik aktív formája, amely fontos szerepet játszik a sejtek energiatermelésében és anyagcsere-folyamataiban. Elengedhetetlen a bőr egészségéhez, mivel támogatja a bőrbarrier helyreállítását, csökkenti a gyulladást és javítja a hidratáltságot. Segíti a koleszterin- és trigliceridszint optimalizálását, valamint támogatja a sejtek regenerációját oxidatív stressz esetén. A niacin (nikotinsav) formájával ellentétben nem okoz kipirulást, így napi szinten is jól tolerálható.",
    "desc_en":"Nicotinamide (also known as Niacinamide) is a biologically active form of vitamin B3, essential for cellular energy production, metabolism, and DNA repair. It supports skin health by improving the skin barrier, reducing inflammation, and promoting hydration. It also helps normalize cholesterol and triglyceride levels, enhances cellular energy, and protects against oxidative damage. Unlike niacin (nicotinic acid), it does not cause skin flushing, making it suitable for daily use.",
    "category_hu":"Öregedésgátló",
    "category_en":"Anti-aging",
    "tags":""
  },
  {
    "hu":"Feketeköménymag olaj",
    "en":"Black Seed Oil",
    "latin":"",
    "desc_hu":"A feketeköménymag olaj (Nigella sativa) régóta ismert gyulladáscsökkentő, antimikrobiális és immunerősítő hatásáról. Fő hatóanyaga, a timokinon, erős antioxidáns tulajdonságokkal rendelkezik, segíti a máj méregtelenítését, és támogatja az epe termelődését. Segít csökkenteni a gázképződést, támogatja az emésztést, és antiparazita hatása miatt hozzájárul a bélrendszer tisztításához. Külsőleg alkalmazva gyulladásos bőrproblémák (pl. ekcéma, akné) esetén is hatékony.",
    "desc_en":"Black Seed Oil (Nigella sativa) is an ancient remedy valued for its anti-inflammatory, antimicrobial, immune-boosting, and antioxidant effects. Its active compound, thymoquinone, helps protect the liver, stimulate bile flow, and support digestion. It may reduce bloating and gas, aid gut cleansing, and protect against fungal and parasitic infections. Topically, it helps soothe skin inflammation, eczema, and acne.",
    "category_hu":"",
    "category_en":"",
    "tags":""
  },
  {
    "hu":"Ligetszépe olaj",
    "en":"Evening Primrose Oil",
    "latin":"",
    "desc_hu":"A ligetszépe olaj (Oenothera biennis) gazdag gamma-linolénsavban (GLA), amely az omega-6 zsírsavak családjába tartozik, és fontos szerepet játszik a hormonális egyensúly, az idegrendszer, valamint a bőr egészségének fenntartásában. Segíthet csökkenteni a PMS és a menopauza tüneteit, enyhítheti a mellfeszülést, és kiegyensúlyozhatja a hangulatot. Gyulladáscsökkentő tulajdonságai révén támogatja az érrendszert, csökkenti a koleszterinszintet, és megelőzheti az érelmeszesedést. Rendszeres használata javíthatja a bőr rugalmasságát, hidratáltságát és csökkentheti az ekcéma tüneteit.",
    "desc_en":"Evening Primrose Oil (Oenothera biennis) is rich in gamma-linolenic acid (GLA), an omega-6 fatty acid essential for maintaining hormonal balance, nervous system function, and skin health. It helps reduce PMS and menopause symptoms, relieve breast tenderness, and stabilize mood. Its anti-inflammatory properties support cardiovascular health, lower cholesterol, and help prevent atherosclerosis. Regular use promotes skin elasticity, hydration, and may ease eczema symptoms.",
    "category_hu":"Női hormonrendszer|Fáradtság elleni",
    "category_en":"Female hormonal system|Anti-fatigue",
    "tags":""
  },
  {
    "hu":"Omega‑3 zsírsavak (EPA+DHA)",
    "en":"Omega‑3 fatty acids (EPA+DHA)",
    "latin":"",
    "desc_hu":"Az Omega‑3 zsírsavak (különösen az EPA és a DHA) létfontosságú, többszörösen telítetlen zsírsavak, amelyek nélkülözhetetlenek az agy, a szív, a retina és az immunrendszer megfelelő működéséhez. Csökkentik a gyulladást, támogatják a szív‑ és érrendszer egészségét, és hozzájárulnak a koleszterinszint és a vérnyomás optimalizálásához. A DHA az agy és a szem sejtmembránjainak alapvető alkotóeleme, míg az EPA főként gyulladásgátló és hangulatjavító hatásairól ismert. Rendszeres bevitelük javítja a koncentrációt, az energiaszintet és csökkentheti a szívbetegségek kockázatát.",
    "desc_en":"Omega‑3 fatty acids, particularly EPA (eicosapentaenoic acid) and DHA (docosahexaenoic acid), are essential polyunsaturated fats crucial for brain, heart, retinal, and immune health. They help reduce inflammation, support cardiovascular function, and assist in maintaining healthy cholesterol and blood pressure levels. DHA forms a major component of brain and eye cell membranes, while EPA contributes to anti‑inflammatory and mood‑stabilizing effects. Regular intake supports focus, energy, and cognitive performance, and reduces the risk of heart disease.",
    "category_hu":"Szív- és érrendszer|Fáradtság elleni|Gyulladás, ízületek",
    "category_en":"Cardiovascular support|Anti-fatigue|Anti-inflammatory & joints",
    "tags":""
  },
  {
    "hu":"Panax Ginseng",
    "en":"Panax Ginseng (Korean Ginseng)",
    "latin":"",
    "desc_hu":"A Panax ginseng (koreai ginzeng) az egyik legrégebben használt és legkutatottabb adaptogén gyógynövény. Támogatja a szervezet stresszhez való alkalmazkodását, fokozza az energiaszintet és javítja a szellemi teljesítményt. Rendszeres használata csökkenti a fáradtságot, javítja a memóriát, fokozza a koncentrációt, valamint támogatja az immunrendszert és a szív- és érrendszeri funkciókat. Segíthet a hormonális egyensúly fenntartásában és a vércukorszint stabilizálásában is.",
    "desc_en":"Panax Ginseng, also known as Korean Ginseng, is a well-studied adaptogenic herb that helps the body adapt to stress, boosts energy, and enhances mental clarity and endurance. It supports immune function, cardiovascular health, and cognitive performance, while helping reduce fatigue and stabilize blood sugar levels. Ginseng has also been linked to hormonal balance, improved mood, and overall vitality.",
    "category_hu":"Adaptogén|Fáradtság elleni",
    "category_en":"Adaptogen|Anti-fatigue",
    "tags":""
  },
  {
    "hu":"Fenyőkéreg kivonat",
    "en":"Pine Bark Extract (Pycnogenol)",
    "latin":"",
    "desc_hu":"A francia tengeri fenyő (Pinus pinaster) kérgéből nyert kivonat, közismert nevén Pycnogenol, rendkívül gazdag proantocianidinekben, amelyek erős antioxidáns és gyulladáscsökkentő tulajdonságokkal bírnak. Támogatja a vérkeringést és az érrendszer rugalmasságát, elősegíti a mikrocirkulációt, így hasznos lehet visszér, ödéma vagy nehézlábérzés esetén. Erősíti a kapillárisok falát, csökkenti az oxidatív stresszt, és védelmet nyújt a kollagén és az elasztin számára, ami javítja a bőr rugalmasságát és fiatalos megjelenését. Emellett segíthet csökkenteni a vérnyomást és támogatja a kognitív funkciókat.",
    "desc_en":"Pine Bark Extract, derived from the French maritime pine (Pinus pinaster), also known as Pycnogenol, is rich in proanthocyanidins, potent antioxidants with strong anti-inflammatory properties. It supports healthy blood circulation and vascular elasticity, promotes microcirculation, and may relieve leg swelling, varicose veins, or heaviness. It strengthens capillaries, reduces oxidative stress, and protects collagen and elastin, improving skin firmness and elasticity. It may also help lower blood pressure and support cognitive function.",
    "category_hu":"Fáradtság elleni|Öregedésgátló|Gyulladás, ízületek|Haj, bőr, köröm",
    "category_en":"Anti-fatigue|Anti-aging|Anti-inflammatory & joints|Skin & hair",
    "tags":""
  },
  {
    "hu":"Rhodiola Rosea (Aranygyökér)",
    "en":"Rhodiola Rosea (Golden Root)",
    "latin":"",
    "desc_hu":"A Rhodiola rosea, más néven aranygyökér, természetes adaptogén gyógynövény, amely segíti a szervezetet a stresszhez való alkalmazkodásban, csökkenti a fáradtságot és javítja a szellemi teljesítményt. Fokozza a mentális fókuszt és energiaszintet, kiegyensúlyozza a hangulatot és enyhíti a szorongást. Kutatások szerint támogatja a mitokondriális energia-termelést, ezáltal növeli a fizikai állóképességet és gyorsítja a regenerációt. Különösen hasznos stresszes, mentálisan megterhelő időszakokban vagy krónikus kimerültség esetén.",
    "desc_en":"Rhodiola rosea, also known as Golden Root, is a natural adaptogen that helps the body adapt to stress, reduces fatigue, and improves cognitive performance. It enhances mental focus and endurance, stabilizes mood, and reduces anxiety. Research shows it supports mitochondrial energy production, thereby improving physical stamina and recovery. Particularly useful during stressful or mentally demanding periods, or in cases of chronic fatigue.",
    "category_hu":"Adaptogén|Agyműködés támogatása|Fáradtság elleni",
    "category_en":"Adaptogen|Cognitive support|Anti-fatigue",
    "tags":""
  },
  {
    "hu":"Taurin",
    "en":"Taurine",
    "latin":"",
    "desc_hu":"A taurin egy aminosav-származék, amely kulcsszerepet játszik a szív- és érrendszer, az idegrendszer és az izmok működésének szabályozásában. Segíti a sejtek ozmotikus egyensúlyát, stabilizálja a sejthártyákat, és csökkenti az oxidatív stresszt. Támogatja a vércukorszint és a vérnyomás egyensúlyát, valamint fokozza a fizikai és mentális állóképességet. Fontos szerepe van a retina egészségében, a hallás védelmében, és nyugtató hatást gyakorol az idegrendszerre. A szervezet képes előállítani, de stressz, betegség vagy intenzív fizikai igénybevétel esetén megnő a szükséglet.",
    "desc_en":"Taurine is an amino acid derivative essential for cardiovascular, nervous, and muscular function. It helps maintain cellular osmotic balance, stabilizes cell membranes, and reduces oxidative stress. Taurine supports blood pressure and blood sugar regulation, enhances endurance, and promotes calmness and focus by modulating neurotransmitters. It also plays a protective role in retinal and auditory health. While the body can synthesize taurine, its demand increases during stress, illness, or intense exercise.",
    "category_hu":"Fáradtság elleni",
    "category_en":"Anti-fatigue",
    "tags":""
  },
  {
    "hu":"Triphala",
    "en":"Triphala",
    "latin":"",
    "desc_hu":"A Triphala egy hagyományos ájurvédikus gyógynövény-keverék, amely három gyümölcsből áll: amalaki (indiai egres), bibhitaki és haritaki. E kombináció kíméletesen serkenti a bélmozgást, támogatja az emésztést és a méregtelenítést, valamint egyensúlyban tartja a bélflórát. Segíti a máj működését, javítja a tápanyag-felszívódást, és erősíti az immunrendszert. A Triphala nem hashajtó a klasszikus értelemben, inkább tonizáló hatású, hosszú távon is biztonságosan alkalmazható.",
    "desc_en":"Triphala is a traditional Ayurvedic herbal formula composed of three fruits: Amalaki (Indian gooseberry), Bibhitaki, and Haritaki. It gently supports bowel motility, digestive health, and detoxification, while promoting gut microbiome balance. Triphala enhances liver function, improves nutrient absorption, and strengthens the immune system. Rather than acting as a harsh laxative, it works as a tonic and can be used safely long-term.",
    "category_hu":"",
    "category_en":"",
    "tags":""
  },
  {
    "hu":"Vörös szil",
    "en":"Slippery Elm",
    "latin":"",
    "desc_hu":"A vörös szil (Ulmus rubra) belső kérgéből készült por vagy kivonat nyálkát (mucilago) tartalmaz, amely vízzel keverve sűrű, bevonó anyagot képez. Ez a nyálkaréteg védőburkot képez a nyálkahártyán, enyhíti a gyulladást, és megnyugtatja az irritált szöveteket. Belsőleg alkalmazva védi a gyomrot és a beleket, segíti a fekélyek, reflux, irritábilis bél (IBS) és hasmenés enyhülését. Külsőleg borogatásként használva csillapítja a bőrirritációt, égést és sebeket, támogatja a gyógyulást és hidratálást.",
    "desc_en":"Slippery Elm (Ulmus rubra) is a traditional North American remedy made from the inner bark of the red elm tree. It contains mucilage, a gel-like substance that, when mixed with water, coats and soothes mucous membranes. Internally, it protects the digestive tract, easing conditions like ulcers, acid reflux, IBS, and diarrhea. Externally, it can be applied as a soothing poultice for burns, wounds, and skin irritation, promoting healing and hydration.",
    "category_hu":"",
    "category_en":"",
    "tags":""
  },
  {
    "hu":"Tőzegáfonya",
    "en":"Cranberry",
    "latin":"",
    "desc_hu":"A tőzegáfonya (Vaccinium macrocarpon) polifenolokban és proantocianidinekben gazdag bogyós gyümölcs, amely gátolja a kórokozó baktériumok (különösen az E. coli) megtapadását a húgyhólyag falán, ezáltal segíthet megelőzni a húgyúti fertőzéseket. Emellett erős antioxidáns és gyulladáscsökkentő hatású, támogatja a szív- és érrendszer egészségét, csökkenti az oxidatív stresszt, és erősíti az immunrendszert. A rendszeres fogyasztása javíthatja a veseműködést és támogathatja a húgyutak általános egészségét.",
    "desc_en":"Cranberry (Vaccinium macrocarpon) is rich in polyphenols and proanthocyanidins, which prevent pathogenic bacteria (especially E. coli) from adhering to the bladder wall, thereby helping prevent urinary tract infections (UTIs). It also has potent antioxidant and anti-inflammatory effects, supports cardiovascular health, reduces oxidative stress, and strengthens the immune system. Regular consumption may also support kidney function and overall urinary tract wellness.",
    "category_hu":"Fáradtság elleni|Húgyutak|Szem, látás",
    "category_en":"Anti-fatigue|Urinary tract|Vision support",
    "tags":""
  },
  {
    "hu":"D3-vitamin",
    "en":"Vitamin D3",
    "latin":"",
    "desc_hu":"A D3-vitamin (kolekalciferol) zsírban oldódó hormon-előanyag, amely nélkülözhetetlen az egészséges csontozat, fogak és immunrendszer fenntartásához. Szerepe van a kalcium és foszfor felszívódásában, valamint a csontanyagcsere szabályozásában. Támogatja az idegrendszer és az agyműködés egészségét, javítja a hangulatot, és hozzájárul a gyulladásos folyamatok csökkentéséhez. Hiánya gyakori, főként téli hónapokban vagy kevés napfény esetén, ezért pótlása sokszor elengedhetetlen.",
    "desc_en":"Vitamin D3 (cholecalciferol) is a fat-soluble prohormone essential for bone and immune health, calcium and phosphorus absorption, and neurological function. It supports strong bones and teeth, boosts mood and immunity, and helps regulate inflammation. Deficiency is common, especially in winter or with limited sun exposure, so supplementation is often necessary.",
    "category_hu":"Immunrendszer",
    "category_en":"Immune support",
    "tags":""
  },
  {
    "hu":"K2-vitamin",
    "en":"Vitamin K2",
    "latin":"",
    "desc_hu":"A K2-vitamin (menakinon) kulcsszerepet játszik a kalcium anyagcserében, mivel elősegíti, hogy a kalcium a csontokba és a fogakba épüljön be, és ne rakódjon le az erekben. Ezzel megelőzi az érelmeszesedést és támogatja a szív- és érrendszer egészségét. Segíti a csontképződést azáltal, hogy aktiválja az oszteokalcin nevű fehérjét, amely a kalciumot a csontmátrixba irányítja. Két fő formája ismert: MK-4 (rövidebb felezési idejű) és MK-7 (hosszabb hatású, jobban hasznosuló).",
    "desc_en":"Vitamin K2 (menaquinone) plays a key role in calcium metabolism, directing calcium into the bones and teeth while preventing its accumulation in arteries and soft tissues. This helps maintain strong bones and reduce the risk of arterial calcification. K2 activates osteocalcin, a protein responsible for binding calcium in bone tissue. The two main forms are MK-4 (shorter half-life) and MK-7 (longer-lasting and more bioavailable).",
    "category_hu":"",
    "category_en":"",
    "tags":""
  },
  {
    "hu":"Barátcserje \/ szerzetesbors",
    "en":"Vitex Fruit \/ Chasteberry",
    "latin":"",
    "desc_hu":"A barátcserje (Vitex agnus-castus) természetes fitohormonális szabályozó, amely segíti a női szervezet ösztrogén–progeszteron egyensúlyának helyreállítását. Különösen hasznos menstruációs zavarok, PMS (premenstruációs szindróma), menopauza és termékenységi problémák esetén. A hipofízisre hatva fokozza a luteinizáló hormon (LH) termelődését, ezzel növelve a progeszteronszintet, ami enyhítheti a mellfeszülést, hangulatingadozást és egyéb PMS-tüneteket. Hosszabb távon, napi rendszerességgel alkalmazva kiegyensúlyozza a ciklust és támogatja a hormonális stabilitást.",
    "desc_en":"Vitex agnus-castus, also known as Chasteberry, is a natural hormone-balancing herb that helps regulate the estrogen–progesterone ratio in women. It is beneficial for PMS, menstrual irregularities, menopause, and fertility support. By influencing the pituitary gland, it increases luteinizing hormone (LH) and progesterone production, reducing symptoms like breast tenderness, mood swings, and bloating. Regular use helps stabilize the menstrual cycle and promote hormonal harmony over time.",
    "category_hu":"Női hormonrendszer",
    "category_en":"Female hormonal system",
    "tags":""
  }
]